-96.5873000,39.1855000,-96.5750000,39.1920000
3659517448,121996364,0.061
3659517448,121995147,0.030
121995147,3659517448,0.030
121996364,3659540652,0.003
121996364,3659517448,0.061
3659540652,121996369,0.054
3659540652,121996364,0.003
121996369,121996372,0.059
121996369,3659540652,0.054
121996372,122015378,0.028
121996372,2318553779,0.026
121996372,121996369,0.059
2318553779,2271964124,0.036
2318553779,121996372,0.026
2271964124,121996374,0.005
2271964124,2318553779,0.036
121996374,3709386010,0.004
121996374,3709386007,0.005
121996374,1846187283,0.004
121996374,2271964124,0.005
1846187283,1846187295,0.000
1846187283,121996374,0.004
1846187295,773426429,0.005
1846187295,1846187283,0.000
773426429,773425910,0.007
773426429,1846187295,0.005
773425910,961153106,0.004
773425910,773426429,0.007
961153106,773426325,0.003
961153106,773425910,0.004
773426325,773426239,0.008
773426325,961153106,0.003
773426239,773425940,0.009
773426239,773426325,0.008
773425940,773425902,0.026
773425940,773426239,0.009
773425902,773426088,0.012
773425902,867744094,0.002
773425902,773425940,0.026
867744094,867744199,0.006
867744094,773425902,0.002
867744199,3700410694,0.027
867744199,867744094,0.006
3700410694,773426206,0.012
3700410694,3700410695,0.014
3700410694,867744199,0.027
3700410695,3700410693,0.005
3700410695,3709414160,0.004
3700410695,3700410694,0.014
4376747484,121997136,0.034
4376747484,121997132,0.036
121997132,4376747484,0.036
121997136,121997138,0.041
121997136,4376747484,0.034
121997138,121997141,0.060
121997138,121997136,0.041
121997141,1136230289,0.062
121997141,121997138,0.060
1136230289,121997145,0.004
1136230289,121997141,0.062
121997145,3665384932,0.004
121997145,1136230289,0.004
3665384932,1209626688,0.058
3665384932,121997145,0.004
1209626688,121997149,0.008
1209626688,3665384932,0.058
121997149,122041966,0.054
121997149,1209627069,0.011
121997149,1209626688,0.008
121999259,121999262,0.087
121999259,121999253,0.077
121999253,121999259,0.077
121999262,3709414133,0.006
121999262,121999259,0.087
3709414133,121998312,0.081
3709414133,121999262,0.006
121998312,121999265,0.091
121998312,3709414133,0.081
121999265,121999270,0.091
121999265,121998312,0.091
121999270,121999272,0.087
121999270,121999265,0.091
121999272,121999276,0.088
121999272,121999270,0.087
121999276,121999278,0.087
121999276,121999272,0.088
121999278,121996981,0.087
121999278,121999276,0.087
121996981,121996691,0.089
121996981,121999278,0.087
121996691,3700438960,0.006
121996691,1529134361,0.036
121996691,121996981,0.089
2411831892,4375066461,0.003
2411831892,122011347,0.006
122011347,4375066462,0.064
122011347,867744274,0.002
122011347,2411831892,0.006
4375066461,726961824,0.004
4375066461,2411831892,0.003
726961824,1878084870,0.005
726961824,4375066461,0.004
1878084870,726961828,0.005
1878084870,726961824,0.005
726961828,1878084873,0.007
726961828,1878084870,0.005
1878084873,122011349,0.008
1878084873,726961828,0.007
122011349,1878084875,0.006
122011349,1878084873,0.008
1878084875,726961822,0.006
1878084875,122011349,0.006
726961822,1878084866,0.007
726961822,1878084875,0.006
1878084866,1878084865,0.004
1878084866,726961822,0.007
1878084865,726961817,0.004
1878084865,1878084866,0.004
726961817,1878084867,0.008
726961817,1878084865,0.004
1878084867,726961827,0.008
1878084867,726961817,0.008
726961827,122011354,0.019
726961827,1878084867,0.008
122011354,1878084879,0.008
122011354,726961827,0.019
1878084879,726961818,0.008
1878084879,122011354,0.008
726961818,726961819,0.021
726961818,1878084879,0.008
726961819,726961823,0.019
726961819,726961818,0.021
726961823,726961830,0.014
726961823,726961819,0.019
726961830,3659540630,0.020
726961830,726961823,0.014
3659540630,4309770206,0.005
3659540630,726961830,0.020
4309770206,3659540662,0.005
4309770206,3659540630,0.005
3659540662,122011363,0.092
3659540662,4309770206,0.005
122011363,1881578949,0.021
122011363,3659540662,0.092
1881578949,1881578934,0.020
1881578949,122011363,0.021
1881578934,122011366,0.019
1881578934,1881578949,0.020
122011366,122011369,0.031
122011366,1881578934,0.019
122011369,3659540828,0.003
122011369,122011366,0.031
3659540828,122011372,0.043
3659540828,122011369,0.003
122011372,726961831,0.017
122011372,3659540828,0.043
726961831,726961820,0.022
726961831,122011372,0.017
726961820,1886194296,0.007
726961820,726961831,0.022
1886194296,726963308,0.007
1886194296,726961820,0.007
726963308,121996133,0.016
726963308,1886194296,0.007
121996133,121998249,0.049
121996133,726963308,0.016
121998249,121996133,0.049
122015378,2318873046,0.002
122015378,2318873173,0.002
122015378,121996372,0.028
2331888052,122015675,0.030
2331888052,122015671,0.057
122015671,2331888052,0.057
122015675,3669544404,0.006
122015675,2331888052,0.030
3669544404,122014439,0.081
3669544404,122015675,0.006
122014439,121998300,0.087
122014439,3669544404,0.081
121998300,122015680,0.092
121998300,122014439,0.087
122015680,122015683,0.091
122015680,121998300,0.092
122015683,122014384,0.086
122015683,122015680,0.091
122014384,122015685,0.087
122014384,122015683,0.086
122015685,3665357163,0.082
122015685,122014384,0.087
3665357163,122013596,0.005
3665357163,122015685,0.082
122013596,3665357173,0.005
122013596,3665357163,0.005
3665357173,121996976,0.082
3665357173,122013596,0.005
121996976,121996683,0.086
121996976,3665357173,0.082
121996683,961153129,0.005
121996683,1209624983,0.006
121996683,121996976,0.086
1209624983,1209623491,0.067
1209624983,961153409,0.004
1209624983,121996683,0.006
961153409,775457191,0.026
961153409,1209624983,0.004
775457191,1448556236,0.005
775457191,773426380,0.004
775457191,961153409,0.026
773426380,961152979,0.003
773426380,737164601,0.044
773426380,775457191,0.004
737164601,1448556253,0.004
737164601,910144762,0.010
737164601,773426380,0.044
910144762,910144795,0.004
910144762,122015689,0.012
910144762,737164601,0.010
122015689,773425942,0.008
122015689,910144762,0.012
773425942,961152855,0.003
773425942,910122851,0.030
773425942,122015689,0.008
910122851,122015693,0.004
910122851,773425942,0.030
122015693,961153071,0.003
122015693,1448555613,0.021
122015693,910122851,0.004
1448555613,1448556270,0.004
1448555613,1448552913,0.006
1448555613,122015693,0.021
1448552913,737164602,0.008
1448552913,1448555613,0.006
737164602,737164599,0.020
737164602,1448552913,0.008
737164599,1448552914,0.014
737164599,737164602,0.020
1448552914,1448552911,0.005
1448552914,1448552915,0.004
1448552914,737164599,0.014
1448552915,122015696,0.011
1448552915,1448552914,0.004
122015696,739193077,0.013
122015696,961153348,0.007
122015696,1448552915,0.011
950993502,122016787,0.009
950993502,122016783,0.010
122016783,3700438955,0.009
122016783,1126517333,0.013
122016783,950993502,0.010
122016787,122016791,0.008
122016787,950993502,0.009
122016791,950993465,0.011
122016791,122016787,0.008
950993465,1126517314,0.005
950993465,122016794,0.010
950993465,122016791,0.011
122016794,1126517386,0.003
122016794,950993465,0.010
1126517386,1126517279,0.003
1126517386,122016794,0.003
1126517279,1126517358,0.004
1126517279,1126517386,0.003
1126517358,1126517380,0.002
1126517358,1126517279,0.004
1126517380,1126517327,0.002
1126517380,1126517358,0.002
1126517327,1126517352,0.003
1126517327,1126517380,0.002
1126517352,1126517300,0.003
1126517352,1126517327,0.003
1126517300,1126517401,0.002
1126517300,1126517352,0.003
1126517401,1126517348,0.004
1126517401,1126517300,0.002
1126517348,1126517367,0.003
1126517348,1126517401,0.004
1126517367,1126517314,0.004
1126517367,1126517348,0.003
1126517314,950993465,0.005
1126517314,1126517367,0.004
122018623,3669544406,0.006
122018623,121989266,0.086
121989266,122018623,0.086
3669544406,122014440,0.081
3669544406,122018623,0.006
122014440,121998306,0.087
122014440,3669544406,0.081
121998306,122018626,0.091
121998306,122014440,0.087
122018626,122018629,0.091
122018626,121998306,0.091
122018629,122014387,0.086
122018629,122018626,0.091
122014387,122018631,0.088
122014387,122018629,0.086
122018631,3665357161,0.082
122018631,122014387,0.088
3665357161,122013601,0.005
3665357161,122018631,0.082
122013601,3665357175,0.005
122013601,3665357161,0.005
3665357175,121996979,0.082
3665357175,122013601,0.005
121996979,121996686,0.089
121996979,3665357175,0.082
121996686,1529134361,0.036
121996686,1209623297,0.035
121996686,121996979,0.089
737164595,1126517283,0.017
737164595,748739364,0.001
748739364,4601049816,0.003
748739364,737164595,0.001
1126517283,1126517280,0.041
1126517283,737164595,0.017
1126517280,1126517333,0.016
1126517280,1126517283,0.041
1126517333,122016783,0.013
1126517333,1126517280,0.016
3700438955,4601057280,0.029
3700438955,122016783,0.009
961153444,2411831896,0.067
961153444,122023144,0.003
122023144,3709414157,0.004
122023144,3700410692,0.005
122023144,961153444,0.003
2411831896,2272006308,0.009
2411831896,961153444,0.067
2272006308,4375066464,0.011
2272006308,2411831896,0.009
4375066464,1449288416,0.018
4375066464,2272006308,0.011
4376747460,121991633,0.034
4376747460,121995263,0.040
121995263,4376747460,0.040
121991633,4376747469,0.036
121991633,4376747460,0.034
4376747469,122018284,0.036
4376747469,121991633,0.036
122018284,4376747483,0.036
122018284,4376747469,0.036
4376747483,122009291,0.105
4376747483,122018284,0.036
122009291,122012414,0.032
122009291,4376747483,0.105
122012414,1531440626,0.004
122012414,122009291,0.032
1531440626,3665384634,0.058
1531440626,122012414,0.004
3665384634,122015476,0.004
3665384634,1531440626,0.058
122015476,932569078,0.014
122015476,3665384634,0.004
932569078,932569115,0.021
932569078,122015476,0.014
932569115,3665314638,0.004
932569115,932569161,0.019
932569115,932569078,0.021
932569161,3665314639,0.004
932569161,3665275224,0.008
932569161,932569115,0.019
3665275224,1209626665,0.004
3665275224,932569161,0.008
1209626665,122023187,0.008
1209626665,1209623732,0.010
1209626665,3665275224,0.004
773426195,961153362,0.006
773426195,122028711,0.011
122028711,865275046,0.008
865275046,865274933,0.010
865274933,865275057,0.017
865275057,122028707,0.017
122028707,865275097,0.018
865275097,865275063,0.017
865275063,2183114805,0.030
2183114805,865275092,0.002
865275092,865275131,0.010
865275131,122028704,0.008
122028704,961153381,0.004
961153381,865275025,0.004
865275025,121996697,0.011
865275025,121996694,0.017
3709414160,3700410695,0.004
3700410693,3700410696,0.003
3700410693,1247774856,0.018
3700410693,3700410695,0.005
1247774856,773426091,0.023
1247774856,3700410693,0.018
773426091,773426343,0.014
773426091,3709437153,0.002
773426091,1247774856,0.023
3709437153,773426091,0.002
122041966,121997149,0.054
122041966,1209623328,0.005
122041966,3665385335,0.007
3665385335,739193103,0.007
739193103,950993417,0.004
739193103,739193129,0.029
739193129,1449283599,0.002
1449283599,1448557591,0.024
1448557591,1448557592,0.003
1448557591,1449283610,0.026
1449283610,1449283622,0.009
1449283622,1449285465,0.003
1449285465,1449285464,0.003
1449285465,122041974,0.037
122041974,122041984,0.012
122041984,737164594,0.009
737164594,3709385999,0.001
961153348,122041999,0.044
122041999,737164597,0.006
737164597,4601049483,0.030
4601049483,122042001,0.001
122042001,748739369,0.023
748739369,4601049823,0.003
4601049823,4601049822,0.003
4375107569,3122746925,0.030
4375107569,122018293,0.007
122018293,4375107569,0.007
3122746925,122036784,0.061
3122746925,4375107569,0.030
122036784,122012422,0.068
122036784,3122746925,0.061
122012422,122014226,0.067
122012422,122036784,0.068
122014226,1137141595,0.060
122014226,122012422,0.067
1137141595,122045550,0.008
1137141595,122014226,0.060
122045550,1137141617,0.008
122045550,1137141637,0.005
122045550,1137141519,0.006
122045550,1137141595,0.008
4368928757,748739361,0.006
748739361,748739376,0.012
748739376,748739358,0.009
748739358,932569130,0.006
932569130,122046636,0.013
122046636,122023187,0.010
122023187,1209626665,0.008
122023187,910149170,0.007
122023187,775456994,0.033
121998316,122047313,0.091
121998316,122014442,0.087
122014442,121998316,0.087
122047313,122031624,0.091
122047313,121998316,0.091
122031624,122014393,0.087
122031624,122047313,0.091
122014393,122030566,0.088
122014393,122031624,0.087
122030566,122013606,0.087
122030566,122014393,0.088
122013606,121996983,0.086
122013606,122030566,0.087
121996983,121996697,0.089
121996983,122013606,0.086
121996697,121996702,0.035
121996697,865275025,0.011
121996697,121996983,0.089
121996702,3665275223,0.007
121996702,910122809,0.004
121996702,121996697,0.035
121996702,961153117,0.005
961153117,865274986,0.008
865274986,865275095,0.009
865275095,865275114,0.007
865275114,122048877,0.006
122048877,122048881,0.023
122048881,865275154,0.033
865275154,865275007,0.008
865275007,122048886,0.008
122048886,696427582,0.012
696427582,865275012,0.013
865275012,696427583,0.015
696427583,910122602,0.012
910122602,696427585,0.005
696427585,3700433128,0.005
3700433128,122028717,0.004
121996678,3665314705,0.004
121996678,3665314662,0.006
3665314662,3665314716,0.078
3665314716,121996970,0.005
121996970,3665355235,0.004
3665355235,1450274252,0.053
1450274252,1450274251,0.009
1450274251,3665314710,0.014
3665314710,122013590,0.006
867744274,122011347,0.002
867744274,4375066460,0.018
4375066460,773425732,0.018
4375066460,867744274,0.018
121996681,961153064,0.008
121996681,1209623080,0.006
121996681,1448552791,0.009
1448552791,3665403954,0.023
3665403954,3665403955,0.004
3665403954,1529134341,0.009
1529134341,3665403953,0.063
1529134341,121996683,0.035
961153129,1209626900,0.025
1209626900,1209623297,0.007
1209623297,1529134351,0.088
1209623297,121996686,0.035
1209623297,1209624138,0.007
950993417,739193102,0.001
739193102,739193116,0.013
739193116,739193079,0.006
739193079,739193089,0.004
739193089,739193124,0.004
739193124,739193132,0.004
739193132,739193110,0.003
739193110,739193121,0.002
739193121,739193111,0.004
739193111,739193122,0.005
739193122,739193088,0.005
739193088,739193098,0.005
739193098,950993393,0.002
950993393,739193129,0.003
1209623080,712803718,0.003
1209623080,3665314659,0.005
1209623080,121996681,0.006
3665314705,800050696,0.019
3665314705,121996678,0.004
800050696,800050548,0.013
800050696,3665314705,0.019
800050548,3665448874,0.002
800050548,800050696,0.013
3665448874,121996673,0.005
3665448874,800050548,0.002
121996673,3665384631,0.003
121996673,3665448874,0.005
3665384631,121996669,0.025
3665384631,121996673,0.003
121996669,1531440735,0.029
121996669,3665384631,0.025
1531440735,1531440606,0.006
1531440735,121996669,0.029
1531440606,843615461,0.008
1531440606,1531440735,0.006
843615461,3665357132,0.022
843615461,1531440606,0.008
3665357132,121996665,0.006
3665357132,843615461,0.022
121996665,3665357132,0.006
1209623139,1209626937,0.009
1209623139,932569066,0.007
932569066,932569098,0.017
932569098,3665314626,0.007
932569098,3665314656,0.032
3665314656,748739371,0.004
748739371,3665314695,0.022
1137141479,4375066459,0.001
1137141479,773425732,0.008
773425732,4375066460,0.018
773425732,773425772,0.032
773425732,1137141479,0.008
4375066459,773426214,0.004
4375066459,1137141479,0.001
773426214,773425763,0.062
773426214,773426202,0.011
773426214,773426417,0.012
773426214,4375066459,0.004
773426039,2146092419,0.018
773426039,1448559020,0.003
773426039,773425938,0.012
773425938,773425856,0.024
773425938,773426039,0.012
773426021,773425768,0.062
773426021,773426331,0.066
773426021,773425971,0.011
773426021,773425821,0.009
773425821,773425830,0.024
773425821,773425983,0.009
773425821,773426021,0.009
773425971,773426417,0.062
773425971,773426278,0.066
773425971,773425763,0.012
773425971,773426021,0.011
773425763,773426214,0.062
773425763,773426062,0.066
773425763,773425749,0.011
773425763,773425971,0.012
773425749,773426202,0.062
773425749,773426046,0.066
773425749,773426284,0.012
773425749,773425763,0.011
773426284,773425855,0.062
773426284,773425933,0.066
773426284,773426236,0.011
773426284,773425749,0.012
773426236,773425895,0.043
773426236,773425937,0.066
773426236,773426284,0.011
773425856,773425938,0.024
773425856,773426237,0.012
773425856,773426269,0.011
773426269,961153356,0.027
773426269,773425856,0.011
773426237,2146092419,0.005
773426237,773425856,0.012
773426402,773426328,0.024
773426402,773426300,0.011
773426402,773425914,0.012
773425914,773425718,0.021
773425914,773426402,0.012
773426300,773426096,0.024
773426300,773426402,0.011
961152855,773426122,0.003
961152855,773425942,0.003
773426122,773425827,0.002
773426122,961152855,0.003
773425827,773425747,0.003
773425827,773426122,0.002
773425747,773426157,0.002
773425747,773425827,0.003
773426157,773426355,0.001
773426157,773425747,0.002
773426355,773425847,0.002
773426355,773426157,0.001
773425715,773426293,0.011
773425715,773426206,0.012
773425715,773426241,0.087
773426241,773426007,0.011
773426241,773426398,0.012
773426241,773425715,0.087
773426328,773426096,0.011
773426328,773426244,0.010
773426328,773426402,0.024
773426088,773425902,0.012
773426088,773426206,0.035
773426088,773426007,0.052
773426007,773426241,0.011
773426007,773426088,0.052
773426206,773425715,0.012
773426206,3700410694,0.012
773426206,773426088,0.035
773425768,773426021,0.062
773425768,773426417,0.011
773425768,773426152,0.009
773426152,773426087,0.011
773426152,4375066458,0.004
773426152,773425768,0.009
773426417,773425971,0.062
773426417,773426214,0.012
773426417,773425768,0.011
773426202,773425749,0.062
773426202,773425855,0.012
773426202,773426214,0.011
773425855,773426284,0.062
773425855,773426038,0.003
773425855,773426202,0.012
773426038,773425744,0.004
773426038,773425855,0.003
773425744,773425895,0.016
773425744,773426038,0.004
773425895,773426236,0.043
773425895,773425744,0.016
773426046,773425749,0.066
773426096,773426199,0.004
773426096,773426328,0.011
773426096,773426300,0.024
1137141542,4375066458,0.002
1137141542,773425772,0.007
773425772,773425732,0.032
773425772,4375066457,0.010
773425772,1137141542,0.007
4375066458,773426152,0.004
4375066458,1137141542,0.002
773426087,773426146,0.010
773426087,773425983,0.042
773426087,773426152,0.011
773425983,773426292,0.006
773425983,773425821,0.009
773425983,773426087,0.042
773425830,773426248,0.006
773425830,773426240,0.027
773425830,773425821,0.024
773426240,773425714,0.015
773426240,773425830,0.027
773425714,773426181,0.001
773425714,773426240,0.015
773426181,773425714,0.001
773426293,773426398,0.087
773426293,773426343,0.012
773426293,773425715,0.011
773426343,773426091,0.014
773426343,3128603431,0.030
773426343,773426293,0.012
773425868,773425937,0.028
773425868,773426308,0.010
773426308,773425933,0.028
773426308,773425868,0.010
773425937,773426236,0.066
773425937,773425868,0.028
3128603431,773426343,0.030
3128603431,773426318,0.057
773426318,773426398,0.011
773426318,3128603431,0.057
773426244,961152979,0.008
773426244,773425718,0.004
773426244,773426328,0.010
773426199,773425959,0.009
773426199,773426096,0.004
773425959,773425847,0.023
773425959,773426199,0.009
1448559020,773426039,0.003
1448559020,773425886,0.004
773425886,773426073,0.006
773425886,773426184,0.005
773425886,1448559020,0.004
773426184,773425886,0.005
773426184,773426274,0.005
773426274,773426184,0.005
773426073,2146092420,0.010
773426073,773425886,0.006
2146092420,773425776,0.009
2146092420,773426073,0.010
773425776,773426313,0.002
773425776,2146092420,0.009
773426313,961153356,0.003
773426313,1449283661,0.001
773426313,773425776,0.002
1449283661,773425921,0.001
1449283661,773426313,0.001
773425921,773426335,0.005
773425921,1449283661,0.001
773426335,773425808,0.005
773426335,773425921,0.005
773425808,773426221,0.006
773425808,773426335,0.005
773426221,773426130,0.006
773426221,773425808,0.006
773426130,773425834,0.006
773426130,773426221,0.006
773425834,1448574897,0.006
773425834,773426130,0.006
1448574897,1449283669,0.003
1448574897,773426025,0.006
1448574897,773425834,0.006
773426025,910123470,0.004
773426025,1448574897,0.006
910123470,2183114812,0.002
910123470,773425727,0.008
910123470,773426025,0.004
773425727,961153362,0.043
773425727,910123470,0.008
961153362,773426195,0.006
961153362,773425727,0.043
773425933,773426284,0.066
773425933,773426308,0.028
773426248,773425722,0.003
773426248,773425830,0.006
773425722,773426127,0.028
773425722,773426248,0.003
773426127,773426292,0.003
773426127,773425722,0.028
773426292,773425983,0.006
773426292,773426127,0.003
773426146,773425739,0.011
773426146,773425846,0.011
773426146,773426087,0.010
773425846,773426262,0.011
773425846,773426146,0.011
773426262,773425739,0.011
773426262,773425846,0.011
773425739,773426146,0.011
773425739,773426262,0.011
773426398,773426241,0.012
773426398,773426318,0.011
773426398,773426293,0.087
2146092419,773426039,0.018
2146092419,773426237,0.005
773425718,773425914,0.021
773425718,773426244,0.004
773426331,773426021,0.066
773426062,773425763,0.066
773426278,773425971,0.066
961152979,773426244,0.008
961152979,773426380,0.003
961153356,773426313,0.003
961153356,773426269,0.027
775457210,775457314,0.043
775457210,775457016,0.006
775457016,775457048,0.003
775457016,775457135,0.002
775457016,775457210,0.006
775457314,775457060,0.011
775457314,775457210,0.043
775457103,775457058,0.012
775457103,775457087,0.012
775457103,775457001,0.050
775457001,775457018,0.006
775457001,775457223,0.012
775457001,775457103,0.050
775456985,775457028,0.003
775456985,775457048,0.003
775457048,775457016,0.003
775457048,775456985,0.003
775457028,775457189,0.003
775457028,775456985,0.003
775457189,775457074,0.003
775457189,775457028,0.003
775457074,775456994,0.004
775457074,775457308,0.002
775457074,775457189,0.003
775457308,775457115,0.003
775457308,775457074,0.002
775457115,775457158,0.003
775457115,775457308,0.003
775457158,775457161,0.006
775457158,775456995,0.002
775457158,775457115,0.003
775456995,775457152,0.002
775456995,775457158,0.002
775457152,775457039,0.002
775457152,775456995,0.002
775457039,775457135,0.003
775457039,775457152,0.002
775457135,775457016,0.002
775457135,775457039,0.003
775457070,775457087,0.011
775457070,775457075,0.006
775457070,775457183,0.050
775457183,775457223,0.011
775457183,775457204,0.006
775457183,775457070,0.050
1448556236,775457075,0.002
1448556236,775457191,0.005
775457075,775457070,0.006
775457075,1448556236,0.002
775456994,775457074,0.004
775456994,122023187,0.033
775457060,775457289,0.004
775457060,775457314,0.011
775457289,775457279,0.006
775457289,775457060,0.004
775457279,775457058,0.006
775457279,775457289,0.006
775457161,775457052,0.031
775457052,775457144,0.004
775457144,775457027,0.004
775457027,775457314,0.010
775457204,1448556253,0.004
775457204,775457183,0.006
775457223,775457087,0.050
775457223,775457001,0.012
775457223,775457183,0.011
775457018,775457177,0.008
775457018,775457001,0.006
775457177,775457058,0.045
775457177,775457018,0.008
775457058,775457279,0.006
775457058,775457103,0.012
775457058,775457177,0.045
775457087,775457223,0.050
775457087,775457103,0.012
775457087,775457070,0.011
1448556253,775457204,0.004
1448556253,737164601,0.004
800050657,800050628,0.009
800050628,800050363,0.038
800050363,800050514,0.009
800050514,800050444,0.008
800050444,3665314652,0.006
3665314652,800050682,0.005
961153071,122024783,0.055
961153071,122015693,0.003
122024783,122024785,0.019
122024783,961153071,0.055
122024785,748739378,0.006
122024785,122024783,0.019
748739378,748739372,0.005
748739378,122024785,0.006
748739372,748739362,0.007
748739372,748739378,0.005
748739362,748739377,0.007
748739362,748739372,0.007
748739377,4601049488,0.003
748739377,748739362,0.007
1235493672,1235493587,0.001
1235493672,843182734,0.005
1235493672,3709414153,0.039
3709414153,1235493672,0.039
843182734,1235493652,0.009
843182734,1235493672,0.005
1235493652,843182686,0.008
1235493652,843182734,0.009
843182686,1235493450,0.005
843182686,1235493652,0.008
1235493450,1732164630,0.003
1235493450,843182686,0.005
1732164630,865275123,0.003
1732164630,1235493450,0.003
865275123,1235493469,0.004
865275123,843182762,0.004
865275123,1732164630,0.003
3700410696,843182718,0.051
3700410696,3700410693,0.003
843182718,2318873089,0.003
843182718,3700410696,0.051
739193081,739193093,0.015
739193081,739193105,0.009
739193105,3709386000,0.002
739193105,739193081,0.009
739193093,739193126,0.005
739193093,739193081,0.015
739193126,739193135,0.005
739193126,739193093,0.005
739193135,910122911,0.005
739193135,739193126,0.005
910122911,739193077,0.003
910122911,739193135,0.005
739193077,122015696,0.013
739193077,910122911,0.003
910144795,910144798,0.003
910144795,910144762,0.004
910144798,910144832,0.004
910144798,910144795,0.003
910144832,910122372,0.033
910144832,910144798,0.004
910122372,910144813,0.008
910122372,910144832,0.033
3665314639,932569160,0.002
3665314639,932569161,0.004
932569160,932569121,0.018
932569160,932569101,0.020
932569160,3665314639,0.002
932569101,3665314625,0.009
932569101,932569085,0.033
932569101,932569160,0.020
3665314638,932569091,0.001
3665314638,932569115,0.004
932569091,932569121,0.002
932569091,3665314638,0.001
932569121,932569160,0.018
932569121,932569091,0.002
3665314651,932569071,0.002
3665314651,932569139,0.005
932569139,3665314651,0.005
932569071,932569079,0.001
932569071,3665314651,0.002
932569079,932569116,0.020
932569079,932569071,0.001
932569116,932569063,0.001
932569116,932569079,0.020
932569063,932569076,0.001
932569063,932569116,0.001
932569085,3665314626,0.009
932569085,932569065,0.005
932569085,932569101,0.033
3665314625,1209625632,0.006
3665314625,932569101,0.009
1209625632,1209623139,0.010
1209625632,3665314625,0.006
932569065,932569085,0.005
3665314626,932569098,0.007
3665314626,932569085,0.009
932569076,932569110,0.008
932569110,932569147,0.002
932569147,932569096,0.002
932569096,932569094,0.014
932569094,932569126,0.004
932569126,932569167,0.001
932569167,932569089,0.002
932569089,932569071,0.010
1209625815,1137141623,0.004
1209625815,1137141512,0.010
1137141512,1449286474,0.005
1137141512,4368928760,0.009
1137141512,1209625815,0.010
1137141623,1137141483,0.006
1137141623,1209625815,0.004
1137141483,1137141497,0.004
1137141483,1137141623,0.006
1137141497,3665380915,0.007
1137141497,1137141562,0.004
1137141497,1137141483,0.004
1137141543,1137141480,0.011
1137141543,1137141525,0.004
1137141525,4375066457,0.017
1137141525,1137141617,0.035
1137141525,1137141543,0.004
1137141480,1137141641,0.003
1137141480,1137141543,0.011
1137141641,1137141579,0.021
1137141641,1137141540,0.002
1137141641,1137141480,0.003
1209627069,1209626242,0.050
1209626242,4368928747,0.046
4368928747,1209627565,0.021
3665314659,3665314664,0.002
3665314664,1209626562,0.004
1209626562,1450274304,0.018
1450274304,3665314673,0.005
1450274304,1209626464,0.007
1209626464,3665396793,0.006
3665396793,3665396781,0.009
3665396781,3665396782,0.009
3665396782,3665314676,0.006
3665396782,3832163703,0.025
3832163703,3665396783,0.005
1209624138,1209627415,0.025
1209627415,1209624983,0.005
1209623491,121996681,0.009
1529134361,1699008157,0.007
1529134361,121996691,0.036
1529134361,121996686,0.036
3700438960,1529134872,0.030
3700438960,121996691,0.006
1529134872,1529134867,0.089
1529134872,121996694,0.007
1529134872,3700438960,0.030
121996694,865275025,0.017
121996694,1529134872,0.007
910122809,121996705,0.033
910122809,121996702,0.004
121996705,121996709,0.044
121996705,910122809,0.033
121996709,1449283713,0.037
121996709,121996705,0.044
1449283713,121996715,0.006
1449283713,121996709,0.037
121996715,775457092,0.063
121996715,1449283713,0.006
775457092,2010542635,0.061
775457092,121996715,0.063
2010542635,121996720,0.007
2010542635,775457092,0.061
121996720,2010542635,0.007
122013594,4395660409,0.006
4395660409,3665396789,0.015
3665396789,3665396788,0.011
3665396788,3665396792,0.032
3665396792,3665396787,0.023
3665396787,3832163704,0.005
3832163704,3665396786,0.021
3665396786,1209624682,0.009
1209624682,748739366,0.044
3665314658,3665314663,0.002
3665314658,1209625574,0.004
1209625574,748739371,0.010
1209625574,3665314658,0.004
3665314663,1450274270,0.022
3665314663,3665314658,0.002
1450274270,3665314673,0.030
1450274270,3665314688,0.003
1450274270,3665314663,0.022
3665314688,3665314689,0.015
3665314688,1450274269,0.009
3665314688,1450274270,0.003
1450274269,1450274280,0.003
1450274269,1450274268,0.010
1450274269,3665314688,0.009
1450274268,3665314675,0.030
1450274268,1450274267,0.009
1450274268,1450274269,0.010
1450274267,3665314718,0.025
1450274267,1450274268,0.009
3665314718,1209623905,0.005
3665314718,1450274267,0.025
1209623905,3665355233,0.004
1209623905,3665314718,0.005
3665355233,1450274264,0.044
3665355233,1209623905,0.004
1450274264,1450274263,0.009
1450274264,3665355233,0.044
1450274263,1450274262,0.009
1450274263,1450274264,0.009
1450274262,1209626364,0.020
1450274262,1450274263,0.009
1209626364,3665357159,0.005
1209626364,1450274262,0.020
3665357159,1209624807,0.083
3665357159,1209626364,0.005
1209624807,3665357159,0.083
1209623328,4368928750,0.020
1209623328,122041966,0.005
4368928750,1209623989,0.045
4368928750,1209623328,0.020
1247774902,1235493616,0.012
1247774902,3700430674,0.006
3700430674,1247774902,0.006
1235493616,1235493494,0.003
1235493616,1247774902,0.012
1235493494,1235493708,0.003
1235493494,1235493616,0.003
1235493587,1235493552,0.007
1235493587,1235493672,0.001
1235493552,1235493426,0.036
1235493552,1235493587,0.007
1235493426,1235493552,0.036
1245044971,1245044810,0.012
1245044971,726963312,0.004
726963312,3709414148,0.008
726963312,867744412,0.008
726963312,1245044971,0.004
1245044810,1241116813,0.004
1245044810,1245044971,0.012
1241116813,1245044810,0.004
712803718,3665314669,0.004
3665314669,1209625574,0.024
3665314695,121996678,0.005
1448552911,1448552876,0.008
1448552876,1448552858,0.005
1448552858,1448552839,0.006
1448552839,1448552813,0.004
1448552813,1448552808,0.003
1448552808,1448552801,0.005
1448552801,1448552795,0.003
1448552795,1448552793,0.005
1448552793,1448552792,0.004
1448552792,1448552794,0.004
1448552794,1448552796,0.004
1448552796,1448552804,0.004
1448552804,1448552811,0.005
1448552811,1448552835,0.004
1448552835,1448552850,0.004
1448552850,1448552866,0.005
1448552866,1448552893,0.005
1448552893,1448556266,0.004
1448556266,1448552913,0.005
1448556270,1448555611,0.003
1448555611,1448555610,0.004
1448555610,1448555607,0.003
1448555607,1448555608,0.002
1448555608,1448555609,0.002
1448555609,1448555612,0.012
1448555612,1448556273,0.002
1448556273,910122851,0.003
1449283603,1448557588,0.008
1449283603,1448557589,0.007
1448557589,4119564991,0.039
1448557589,1449283601,0.008
1448557589,1449283603,0.007
1448557588,1449283603,0.008
1448557592,1448557590,0.004
1448557592,1448557591,0.003
1448557590,1448557592,0.004
1449283669,1448574443,0.004
1449283669,1448574897,0.003
1448574443,1448574441,0.017
1448574443,1449283669,0.004
1448574441,1449283666,0.007
1448574441,1448574443,0.017
1449283666,1448574445,0.006
1449283666,1448574441,0.007
1448574445,2183114797,0.006
1448574445,1449283666,0.006
2183114797,2183114815,0.034
2183114797,2183114798,0.012
2183114797,1448574445,0.006
2183114798,2183114811,0.033
2183114798,2183114799,0.010
2183114798,2183114797,0.012
2183114799,2183114809,0.028
2183114799,2183114800,0.011
2183114799,2183114798,0.010
2183114800,2183114808,0.028
2183114800,2183114801,0.009
2183114800,2183114799,0.011
2183114801,2183114802,0.006
2183114801,2183114800,0.009
1449285464,1449285463,0.004
1449285464,1449285465,0.003
1449285463,1449285474,0.003
1449285463,1449285464,0.004
1449285474,1449285476,0.002
1449285474,1449285463,0.003
1449285476,1449285477,0.002
1449285476,1449285474,0.002
1449285477,1449285495,0.007
1449285477,1449285476,0.002
1449285495,1449285477,0.007
1449286470,4368928760,0.006
1449286470,1209625084,0.018
1449286470,1449286471,0.008
1449286471,1449286473,0.010
1449286473,1449286474,0.006
1449286474,1449283601,0.001
1449286474,1137141512,0.005
3665314676,1450274267,0.030
3665314675,3665396781,0.006
3665314673,1450274270,0.030
3665314673,1450274304,0.005
1450274280,1450274292,0.019
1450274292,1450274302,0.007
1450274302,3665314674,0.001
3665314674,3665396793,0.006
1699008157,1529134360,0.082
1699008157,1529134361,0.007
1529134360,1529134359,0.087
1529134360,1699008157,0.082
1529134359,1529134358,0.087
1529134359,1529134360,0.087
1529134358,1529134357,0.087
1529134358,1529134359,0.087
1529134357,1529134356,0.087
1529134357,1529134358,0.087
1529134356,1529134355,0.091
1529134356,1529134357,0.087
1529134355,1529134354,0.091
1529134355,1529134356,0.091
1529134354,1529134353,0.087
1529134354,1529134355,0.091
1529134353,1529134352,0.087
1529134353,1529134354,0.087
1529134352,738218685,0.086
1529134352,1529134353,0.087
738218685,1529134352,0.086
1529134343,3669544405,0.006
1529134343,1529134342,0.086
1529134342,1529134343,0.086
3669544405,1529134344,0.081
3669544405,1529134343,0.006
1529134344,1529134345,0.087
1529134344,3669544405,0.081
1529134345,1529134346,0.091
1529134345,1529134344,0.087
1529134346,1529134347,0.091
1529134346,1529134345,0.091
1529134347,1529134348,0.086
1529134347,1529134346,0.091
1529134348,1529134349,0.088
1529134348,1529134347,0.086
1529134349,3665357162,0.082
1529134349,1529134348,0.088
3665357162,1529134350,0.005
3665357162,1529134349,0.082
1529134350,3665357174,0.005
1529134350,3665357162,0.005
3665357174,1529134351,0.082
3665357174,1529134350,0.005
1529134351,1209623297,0.088
1529134351,3665357174,0.082
3665403953,1529134340,0.023
3665403953,1529134341,0.063
1529134340,3665357172,0.082
1529134340,3665403953,0.023
3665357172,1529134339,0.005
3665357172,1529134340,0.082
1529134339,3665357164,0.005
1529134339,3665357172,0.005
3665357164,1529134338,0.083
3665357164,1529134339,0.005
1529134338,1529134337,0.087
1529134338,3665357164,0.083
1529134337,1529134336,0.086
1529134337,1529134338,0.087
1529134336,1529134337,0.086
3665275223,1529135983,0.082
3665275223,121996702,0.007
1529135983,1529135965,0.086
1529135983,3665275223,0.082
1529135965,1529135959,0.087
1529135965,1529135983,0.086
1529135959,1529135952,0.090
1529135959,1529135965,0.087
1529135952,1529135950,0.085
1529135952,1529135959,0.090
1529135950,738218687,0.091
1529135950,1529135952,0.085
738218687,1529135950,0.091
1529134809,1529134820,0.091
1529134809,1529134802,0.087
1529134802,1529134809,0.087
1529134820,1529134829,0.091
1529134820,1529134809,0.091
1529134829,1529134837,0.087
1529134829,1529134820,0.091
1529134837,1529134846,0.087
1529134837,1529134829,0.087
1529134846,1529134852,0.087
1529134846,1529134837,0.087
1529134852,1529134867,0.086
1529134852,1529134846,0.087
1529134867,1529134872,0.089
1529134867,1529134852,0.086
4368928760,1449286470,0.006
4368928760,1137141512,0.009
1449283601,1448557589,0.008
1449283601,1449286474,0.001
843182762,1235493569,0.003
843182762,865275123,0.004
1235493569,1235493439,0.003
1235493569,843182762,0.003
1235493439,1235493640,0.002
1235493439,1235493569,0.003
1235493640,1235493512,0.002
1235493640,1235493439,0.002
1235493512,1235493728,0.002
1235493512,1235493640,0.002
1235493728,1235493591,0.002
1235493728,1235493512,0.002
1235493591,2318566077,0.002
1235493591,1235493728,0.002
2318566077,1235493669,0.002
2318566077,1235493591,0.002
1235493669,1235493602,0.002
1235493669,2318566077,0.002
1235493602,1235493469,0.003
1235493602,1235493669,0.002
1235493469,865275123,0.004
1235493469,1235493602,0.003
2183114809,2183114810,0.008
2183114809,2183114808,0.011
2183114809,2183114799,0.028
2183114811,2183114813,0.003
2183114811,2183114810,0.003
2183114811,2183114798,0.033
2183114815,2183114812,0.030
2183114815,2183114814,0.001
2183114815,2183114797,0.034
2183114808,2183114809,0.011
2183114808,2183114800,0.028
2183114802,2183114803,0.009
2183114803,2183114804,0.007
2183114804,961153368,0.006
961153368,2183114805,0.005
2183114810,2183114811,0.003
2183114810,2183114809,0.008
2183114813,2183114814,0.008
2183114813,2183114811,0.003
2183114814,2183114815,0.001
2183114814,2183114813,0.008
2183114812,910123470,0.002
2183114812,2183114815,0.030
1209623732,1209627202,0.007
1209627202,1209624613,0.007
1209624613,1209625632,0.004
1209626937,1209624165,0.008
1209624165,1209627461,0.014
1209627461,4368928758,0.006
4368928758,1209625011,0.007
910149170,910122643,0.069
910122643,4368928753,0.016
4368928753,1209625295,0.033
2271866675,2271866672,0.040
2271866675,2271866695,0.005
2271866695,2271866643,0.008
2271866695,4375066463,0.028
2271866695,2271866675,0.005
2271866672,2271866675,0.040
2271866680,2318873180,0.012
2271866680,4375066465,0.009
2271866680,2271964149,0.005
2271964149,2271866630,0.012
2271866630,2271866681,0.004
2271866681,2271866654,0.004
2271866654,2271866655,0.005
2271866655,2271866650,0.010
2271866650,2271866632,0.007
2271866632,2271866667,0.011
2271866667,2271866658,0.005
2271866658,4375066463,0.003
2271866658,2411831895,0.011
2271866643,2411831894,0.016
2271866643,2271866695,0.008
2271866643,2271866659,0.005
2271866659,2271866627,0.032
2271866627,2271866652,0.005
2271866652,2271866660,0.005
2271866660,2271866691,0.024
2271866691,2271866631,0.009
2271866631,2271866666,0.012
4375066463,2271866658,0.003
4375066463,2271866695,0.028
2411831894,2271866693,0.031
2411831894,2271866643,0.016
2271866693,122023151,0.025
2271866693,2411831894,0.031
122023151,2318566047,0.019
122023151,2271866693,0.025
2318566047,3659540633,0.011
2318566047,122023151,0.019
3659540633,3659540650,0.020
3659540633,2318566047,0.011
3659540650,122021913,0.005
3659540650,3659540633,0.020
122021913,3659540665,0.005
122021913,3659540650,0.005
3659540665,122023154,0.041
3659540665,122021913,0.005
122023154,122010058,0.047
122023154,3659540665,0.041
122010058,122013943,0.091
122010058,122023154,0.047
122013943,3659540825,0.006
122013943,122010058,0.091
3659540825,121998255,0.141
3659540825,122013943,0.006
121998255,122023158,0.040
121998255,3659540825,0.141
122023158,1886194290,0.028
122023158,121998255,0.040
1886194290,122023163,0.017
1886194290,122023158,0.028
122023163,121997174,0.055
122023163,1886194290,0.017
121997174,1886194341,0.014
121997174,122023163,0.055
1886194341,1886194373,0.008
1886194341,121997174,0.014
1886194373,122018829,0.009
1886194373,1886194341,0.008
122018829,4394430776,0.002
122018829,1886194373,0.009
4394430776,4374873956,0.003
4394430776,122018829,0.002
4374873956,703560177,0.027
4374873956,4394430776,0.003
703560177,703560178,0.027
703560177,4374873956,0.027
703560178,1209625279,0.009
703560178,703560177,0.027
1209625279,122023165,0.007
1209625279,703560178,0.009
122023165,4368928813,0.009
122023165,1209625279,0.007
4368928813,1209625797,0.005
4368928813,122023165,0.009
1209625797,1209625725,0.003
1209625797,4368928813,0.005
1209625725,1209625797,0.003
3709386007,3709386006,0.043
3709386007,121996374,0.005
3709386006,3700410715,0.014
3709386006,3709386007,0.043
2411831902,2411831901,0.003
2411831902,2318873180,0.005
2318873180,4375066466,0.022
2318873180,2271866680,0.012
2318873180,2411831902,0.005
2411831901,2318873087,0.025
2411831901,2411831902,0.003
2318873087,2411831901,0.025
2318873145,2318873130,0.011
2318873145,2318873181,0.004
2318873181,2318873074,0.002
2318873181,2318873124,0.002
2318873181,2318873145,0.004
2318873130,2318873106,0.004
2318873130,2318873145,0.011
2318873106,2318873041,0.007
2318873106,2318873130,0.004
2318873041,2318873127,0.007
2318873041,2318873106,0.007
2318873127,2318873041,0.007
2318873173,2318873189,0.002
2318873173,122015378,0.002
2318873189,2318873038,0.001
2318873189,2318873173,0.002
2318873038,2318873155,0.003
2318873038,2318873189,0.001
2318873155,2318873178,0.002
2318873155,2318873038,0.003
2318873178,2318873109,0.002
2318873178,2318873155,0.002
2318873109,2318873042,0.003
2318873109,2318873178,0.002
2318873042,2318873146,0.002
2318873042,2318873109,0.003
2318873146,2318873157,0.002
2318873146,2318873042,0.002
2318873157,2318873124,0.002
2318873157,2318873146,0.002
2318873124,2318873181,0.002
2318873124,2318873157,0.002
2318873074,2318873171,0.001
2318873074,2318873181,0.002
2318873171,2318873169,0.003
2318873171,2318873074,0.001
2318873169,2318873163,0.002
2318873169,2318873171,0.003
2318873163,2318873046,0.001
2318873163,2318873169,0.002
2318873046,122015378,0.002
2318873046,2318873163,0.001
2318873089,2318873203,0.009
2318873089,843182718,0.003
2318873203,2318873113,0.011
2318873203,2318873089,0.009
2318873113,2318873203,0.011
3665314689,3665314688,0.015
773425847,773426355,0.002
773425847,773425959,0.023
910144813,910123222,0.019
910144813,910122372,0.008
910123222,910144765,0.018
910123222,910144813,0.019
910144765,910144834,0.005
910144765,910123222,0.018
910144834,910144765,0.005
3665384670,3665384669,0.019
3665384669,3665384690,0.005
3665384669,3665384670,0.019
3665384714,3665384934,0.017
3665384714,3665384671,0.009
3665384671,3665384673,0.006
3665384671,3665384714,0.009
3665384934,3665384672,0.005
3665384934,3665384714,0.017
3665384672,3665384934,0.005
3665384673,3665384690,0.003
3665384673,3665384671,0.006
3665384690,3665384669,0.005
3665384690,3665384673,0.003
1137141562,1137141669,0.003
1137141562,1137141497,0.004
1137141669,1137141526,0.003
1137141669,1137141562,0.003
1137141526,1137141544,0.002
1137141526,1137141669,0.003
1137141544,1137141605,0.003
1137141544,1137141526,0.002
1137141605,3665380886,0.003
1137141605,1137141544,0.003
3665380886,3665380913,0.004
3665380886,1137141605,0.003
1137141575,1137141586,0.002
1137141575,3665380885,0.012
3665380885,3665380913,0.005
3665380885,1137141575,0.012
1137141586,1137141656,0.002
1137141586,1137141575,0.002
1137141656,1137141592,0.003
1137141656,1137141586,0.002
1137141592,1137141660,0.003
1137141592,1137141656,0.003
1137141660,1137141474,0.003
1137141660,1137141592,0.003
1137141474,1137141533,0.003
1137141474,1137141660,0.003
1137141533,1137141647,0.002
1137141533,1137141474,0.003
1137141647,3665380915,0.013
1137141647,1137141533,0.002
3665380915,1137141497,0.007
3665380915,1137141647,0.013
3665380913,3665380885,0.005
3665380913,3665380886,0.004
1137141540,1137141560,0.004
1137141540,1137141641,0.002
1137141560,1137141620,0.003
1137141560,1137141540,0.004
1137141620,1137141522,0.003
1137141620,1137141560,0.003
1137141522,1137141584,0.003
1137141522,1137141620,0.003
1137141584,1137141603,0.018
1137141584,1137141522,0.003
1137141603,1137141667,0.003
1137141603,1137141584,0.018
1137141667,1137141572,0.003
1137141667,1137141603,0.003
1137141572,1137141634,0.003
1137141572,1137141667,0.003
1137141634,1137141654,0.002
1137141634,1137141572,0.003
1137141654,1137141507,0.002
1137141654,1137141634,0.002
1137141507,1137141579,0.003
1137141507,1137141654,0.002
1137141579,1137141641,0.021
1137141579,1137141507,0.003
3665403955,3665403956,0.003
3665403955,3665403954,0.004
3665403956,3665403957,0.011
3665403956,3665403955,0.003
3665403958,3665403957,0.042
3665403957,3665403956,0.011
3665403957,3665403958,0.042
3700410715,3709386006,0.014
3700410715,3700410717,0.004
3700410717,3700410718,0.006
3700410718,3700410720,0.006
3700410720,3700410719,0.003
3700410719,3700410721,0.003
3700410721,3700410722,0.006
3700410722,3700410723,0.006
3700410723,3700410715,0.004
1235493708,1235493634,0.013
1235493708,1235493494,0.003
1235493634,1235493708,0.013
4601057280,4601057281,0.006
4601057281,4601057282,0.008
4601057282,4601057283,0.010
4601057283,4601057284,0.012
4601057284,3700438956,0.010
3700438956,121996691,0.004
3709386000,3709386001,0.002
3709386001,3709386002,0.002
3709386002,3709386003,0.002
3709386003,3709386004,0.002
3709386004,3709386005,0.002
3709386005,3709385989,0.002
3709385989,3709385990,0.001
3709385990,3709385991,0.001
3709385991,3709385992,0.001
3709385992,3709385993,0.001
3709385993,3709385998,0.001
3709385998,737164594,0.001
3709385999,3709385994,0.001
3709385994,3709385995,0.002
3709385995,3709385996,0.002
3709385996,3709385997,0.002
3709385997,739193105,0.002
3709414125,3709414126,0.015
3709414125,867744319,0.011
867744319,3709414125,0.011
3709414126,3709414125,0.015
1449283607,4119564991,0.004
1449283607,3736732496,0.003
3736732496,3736732504,0.003
3736732504,3736732505,0.003
3736732505,3736732506,0.003
3736732506,3736732507,0.003
3736732507,3736732508,0.003
3736732508,3736732509,0.003
3736732509,3736732510,0.003
3736732510,3736732511,0.003
3736732511,3736732512,0.003
3736732512,122039725,0.002
122039725,3736732497,0.004
122039725,4119564989,0.005
4119564989,737167792,0.013
4119564989,122039725,0.005
737167792,122015727,0.027
737167792,4119564989,0.013
122015727,867744412,0.009
122015727,737167792,0.027
4119564991,1449283607,0.004
4119564991,1448557589,0.039
867744412,726963312,0.008
867744412,122015727,0.009
3709414148,2145028958,0.013
3709414148,726963312,0.008
2145028958,3700410692,0.039
2145028958,3709414148,0.013
3700410692,122023144,0.005
3700410692,2145028958,0.039
3709414157,122023144,0.004
3736732497,3736732498,0.003
3736732498,3736732499,0.003
3736732499,3736732500,0.003
3736732500,3736732501,0.003
3736732501,3736732502,0.003
3736732502,3736732503,0.003
3736732503,3736732513,0.003
3736732513,1449283607,0.003
4368928745,4368928746,0.109
4368928746,1137141519,0.032
4368928746,4368928745,0.109
4368928748,1137141637,0.033
4368928748,4368928749,0.032
4368928749,1209623097,0.043
4368928749,4368928748,0.032
1209623097,4368928749,0.043
1209623097,122039721,0.008
122039721,1209624861,0.009
122039721,1209625084,0.009
122039721,1209623989,0.006
122039721,1209623097,0.008
1137141519,4368928746,0.032
1137141519,122045550,0.006
1209625295,121997149,0.010
1137141637,122045550,0.005
1137141637,4368928748,0.033
1209627565,1209626665,0.007
1209623989,122039721,0.006
1209623989,4368928750,0.045
961153064,748739365,0.009
748739365,748739368,0.017
748739368,4368928757,0.018
1209625011,1209623507,0.010
1209623507,1209626127,0.007
1209626127,1209624566,0.006
1209624566,1209623080,0.006
1209625084,1449286470,0.018
1209625084,122039721,0.009
1449288416,122023149,0.004
1449288416,4375066464,0.018
122023149,2411831900,0.008
122023149,2411831893,0.005
122023149,2411831895,0.005
122023149,1449288416,0.004
2411831895,2271866658,0.011
2411831895,122023149,0.005
4375066462,2411831893,0.035
4375066462,122011347,0.064
2411831893,122023149,0.005
2411831893,4375066462,0.035
3709386010,121996374,0.004
3709386010,4375066466,0.019
4375066466,2318873180,0.022
4375066466,3709386010,0.019
2411831900,4375066465,0.026
2411831900,122023149,0.008
4375066465,2271866680,0.009
4375066465,2411831900,0.026
4375066457,1137141525,0.017
4375066457,773425772,0.010
1137141617,1137141525,0.035
1137141617,122045550,0.008
1209624861,122039721,0.009
1209624861,4376747495,0.033
4376747495,1209624861,0.033
748739366,3665314665,0.004
3665314665,3665314660,0.002
3665314660,121996681,0.005
4601049822,4601049821,0.003
4601049821,4601049820,0.003
4601049820,4601049819,0.003
4601049819,4601049818,0.003
4601049818,748739377,0.003
4601049488,4601049817,0.003
4601049817,748739364,0.003
4601049816,4601049815,0.003
4601049815,4601049809,0.003
4601049809,4601049814,0.002
4601049814,4601049813,0.003
4601049813,4601049812,0.003
4601049812,4601049811,0.003
4601049811,4601049810,0.003
4601049810,4601049823,0.003
